,Teamname,Name
0,Madison Radicals,Adam Drews
1,Madison Radicals,Andrew Meshnick
2,Madison Radicals,Seth Meyer
3,Madison Radicals,Pat Shriwise
4,Madison Radicals,Sean Treacy
5,Madison Radicals,Avery Johnson
6,Madison Radicals,Tom Annen
7,Madison Radicals,Benjy Keren
8,Madison Radicals,Joshua Wilson
9,Madison Radicals,Victor Luo
10,Madison Radicals,Andrew Brown
11,Madison Radicals,David Nester
12,Madison Radicals,Logan Pruess
13,Madison Radicals,Chris Wilen
14,Madison Radicals,Nate Bosscher
15,Madison Radicals,Sterling Knoche
16,Madison Radicals,Glenn Poole
17,Madison Radicals,Dave Wiseman
18,Madison Radicals,Rami Paust
19,Madison Radicals,Kyle Weigand
20,Madison Radicals,Ryan Tucker
21,Madison Radicals,Peter Graffy
22,Madison Radicals,Colin Camp
23,Madison Radicals,Jeff Maskalunas
24,Madison Radicals,Chase Marty
25,Madison Radicals,Mike Kobyra
26,Madison Radicals,Thomas Coolidge
27,Madison Radicals,Tarik Akyuz
28,Madison Radicals,Ben Nelson
29,Madison Radicals,Dylan Power
30,Madison Radicals,Luke Marks
31,Madison Radicals,Colin Grandon
32,Madison Radicals,Jack Kelly
33,Madison Radicals,Kevin Pettit-Scantling
34,Madison Radicals,Dan Vockeroth
35,Madison Radicals,Kyle Dreger
36,Madison Radicals,Kevin Brown
37,Los Angeles Aviators,Xavier Charles
38,Los Angeles Aviators,Michael Kiyoi
39,Los Angeles Aviators,Evan Valdes
40,Los Angeles Aviators,Ryan Lepore
41,Los Angeles Aviators,Andrew Padula
42,Los Angeles Aviators,Danny Landesman
43,Los Angeles Aviators,Sean McDougall
44,Los Angeles Aviators,Alex Drum
45,Los Angeles Aviators,Mitchell Steiner
46,Los Angeles Aviators,Kyle Conniff
47,Los Angeles Aviators,Zach Theodore
48,Los Angeles Aviators,KJ Koo
49,Los Angeles Aviators,Aaron Weaver
50,Los Angeles Aviators,Jeffrey Silverman
51,Los Angeles Aviators,Ryan Smith
52,Los Angeles Aviators,Ian Ladner
53,Los Angeles Aviators,Zac Schakner
54,Los Angeles Aviators,Matt Theologidy
55,Los Angeles Aviators,Timothy Beatty
56,Los Angeles Aviators,Nate Ransom
57,Los Angeles Aviators,Sam Plasman
58,Los Angeles Aviators,Collin Gall
59,Los Angeles Aviators,Nate Kirchhofer
60,Los Angeles Aviators,Eric Lissner
61,Los Angeles Aviators,Wayne Lu
62,Los Angeles Aviators,Tyler Bacon
63,Los Angeles Aviators,Garrett Santi
64,Los Angeles Aviators,Calvin Brown
65,Chicago Wildfire,Jesse Johnson
66,Chicago Wildfire,Kurt Gibson
67,Chicago Wildfire,Michael Egan
68,Chicago Wildfire,Seth Weaver
69,Chicago Wildfire,Brad Bolliger
70,Chicago Wildfire,Matthew Rehder
71,Chicago Wildfire,David Woods
72,Chicago Wildfire,Jesse White
73,Chicago Wildfire,Jeff Weis
74,Chicago Wildfire,Von Alanguilan
75,Chicago Wildfire,Nate Goff
76,Chicago Wildfire,Jeremy Burril
77,Chicago Wildfire,Judah Newman
78,Chicago Wildfire,Drew Swanson
79,Chicago Wildfire,Tommy Gallagher
80,Chicago Wildfire,Jack Shanahan
81,Chicago Wildfire,Joey Kennedy
82,Chicago Wildfire,Nick Zeman
83,Chicago Wildfire,Cal Tornabene
84,Chicago Wildfire,David Meinecke
85,Chicago Wildfire,Alex Rummelhart
86,Chicago Wildfire,Michael Pardo
87,Chicago Wildfire,Ross Barker
88,Chicago Wildfire,Zane Rankin
89,Chicago Wildfire,Karl Kingma
90,Chicago Wildfire,Dan Miller
91,Chicago Wildfire,Tim Fergus
92,Chicago Wildfire,James Sykora
93,Chicago Wildfire,Brenton Hard
94,Chicago Wildfire,Pawel Janas
95,Chicago Wildfire,Jason Vallee
96,Chicago Wildfire,Zubair Abdulla
97,Chicago Wildfire,CJ O'Brien
98,Chicago Wildfire,Charlie Furse
99,San Diego Growlers,Jonathan Helton
100,San Diego Growlers,Nathan Bridges
101,San Diego Growlers,Sean Ham
102,San Diego Growlers,Scott Radlauer
103,San Diego Growlers,Bryce Lozinski
104,San Diego Growlers,Andrew Kohl
105,San Diego Growlers,Josh Kohl
106,San Diego Growlers,Maxwell Hume
107,San Diego Growlers,Steven Milardovich
108,San Diego Growlers,Reggie Sung
109,San Diego Growlers,Dominic Leggio
110,San Diego Growlers,Will Turner
111,San Diego Growlers,Joey Huppert
112,San Diego Growlers,Michael Dehnbostel
113,San Diego Growlers,Kyle Rubin
114,San Diego Growlers,Marcel Osborne
115,San Diego Growlers,Michael Tran
116,San Diego Growlers,Wes Groth
117,San Diego Growlers,Dave Ritchie
118,San Diego Growlers,Eric Hytönen
119,San Diego Growlers,Jake Gutkowski
120,San Diego Growlers,Bailey Wu
121,San Diego Growlers,Aidan Hall
122,San Diego Growlers,Ryan Lacy
123,San Diego Growlers,Mark Slader
124,San Diego Growlers,Tim Okita
125,San Diego Growlers,Trevor Purdy
126,San Diego Growlers,Travis Dunn
127,San Diego Growlers,Kyle Smith
128,San Diego Growlers,Jesse Cohen
129,San Diego Growlers,Sam Fontaine
130,San Diego Growlers,Ryo Senda
131,Detroit Mechanix,Stephen Becker
132,Detroit Mechanix,Joseph Cubitt
133,Detroit Mechanix,Austin Riegel
134,Detroit Mechanix,Josh Beaulieu
135,Detroit Mechanix,James Baker Jr
136,Detroit Mechanix,Alex Bertoia
137,Detroit Mechanix,Wasdi Grimaldo
138,Detroit Mechanix,Karl Fauerbach
139,Detroit Mechanix,Christopher Sackmann
140,Detroit Mechanix,Mitchell DeNooyer
141,Detroit Mechanix,Andrew Everts
142,Detroit Mechanix,Joe Rogers
143,Detroit Mechanix,Kevin Anthony
144,Detroit Mechanix,Kevin Nicholl
145,Detroit Mechanix,Jordan Kinde
146,Detroit Mechanix,Mark Whitton
147,Detroit Mechanix,Austin Johnson
148,Detroit Mechanix,Troy Roberts
149,Montreal Royal,Vincent Gamache
150,Montreal Royal,Philippe Bisson
151,Montreal Royal,Vincent Lemieux
152,Montreal Royal,Stève Bonneau
153,Montreal Royal,Nabil Chaouch
154,Montreal Royal,Jacob Saunders
155,Montreal Royal,André Arsenault
156,Montreal Royal,Jordan Faries
157,Montreal Royal,Gabriel Monfette
158,Montreal Royal,Christophe Tremblay-Joncas
159,Montreal Royal,Mathieu Bosser
160,Montreal Royal,Quentin Roger
161,Montreal Royal,Miguel Goderre
162,Montreal Royal,Sacha Poitte-Sokolsky
163,Montreal Royal,Eliott Heloir
164,Montreal Royal,Brian Howard
165,Montreal Royal,Henry Rodriguez
166,Montreal Royal,Quentin Bonnaud
167,Montreal Royal,Mohamed Chrouh
168,Montreal Royal,Dylan Lacombe-Burgoyne
169,Montreal Royal,Simon Charette
170,Montreal Royal,Laurent Faye
171,Montreal Royal,Malik Auger-Semmar
172,Montreal Royal,Kevin Groulx
173,Montreal Royal,Kevin Quinlan
174,Montreal Royal,Basile Limoges
175,Montreal Royal,Jakob Brissette
176,Montreal Royal,Estéban Ceballos
177,Montreal Royal,Zakarie Massi
178,Austin Sol,Mitchell Bennett
179,Austin Sol,John Cecil
180,Austin Sol,Matt Bennett
181,Austin Sol,Michael Matthis
182,Austin Sol,Reese Bowman
183,Austin Sol,Jeff Loskorn
184,Austin Sol,Eric Brodbeck
185,Austin Sol,Jason Holleran
186,Austin Sol,Matthew Bierschenk
187,Austin Sol,Joshua Zdrodowski
188,Austin Sol,Corey Mika
189,Austin Sol,Jimmy Zuraw
190,Austin Sol,Andrew Walch
191,Austin Sol,Carter Hollo
192,Austin Sol,Jerrod Wolfe
193,Austin Sol,Mason Wuensch
194,Austin Sol,Derek Fan
195,Austin Sol,Mutahir Ahmad
196,Austin Sol,Ethan Pollack
197,Austin Sol,Chase Cunningham
198,Austin Sol,Elliott Moore
199,Austin Sol,Keivaun Waugh
200,Austin Sol,Kyle Henke
201,Austin Sol,Rory Orloff
202,Austin Sol,Brian Gfroerer
203,Austin Sol,Mick Walter
204,Austin Sol,Brandon Dial
205,Austin Sol,Mike Cramer
206,Austin Sol,Austin Walker
207,Austin Sol,Zachary Cotter
208,Austin Sol,Paul Starkel
209,Austin Sol,Ryan Purcell
210,Austin Sol,Doug Richardson
211,Austin Sol,Robert Lewis
212,Pittsburgh Thunderbirds,Max Sheppard
213,Pittsburgh Thunderbirds,Jonathan Mast
214,Pittsburgh Thunderbirds,Dayne Meyer
215,Pittsburgh Thunderbirds,David Vatz
216,Pittsburgh Thunderbirds,Anson Reppermund
217,Pittsburgh Thunderbirds,Mark Fedorenko
218,Pittsburgh Thunderbirds,Thomas Edmonds
219,Pittsburgh Thunderbirds,Patrick McMullen
220,Pittsburgh Thunderbirds,Adam Burgess
221,Pittsburgh Thunderbirds,Kenny Furdella
222,Pittsburgh Thunderbirds,Dylan Best
223,Pittsburgh Thunderbirds,Kevin Hartley
224,Pittsburgh Thunderbirds,Jordan Robarge
225,Pittsburgh Thunderbirds,Noah Robinson
226,Pittsburgh Thunderbirds,Owen Watt
227,Pittsburgh Thunderbirds,Jack Hefferon
228,Pittsburgh Thunderbirds,Alex Thomas
229,Pittsburgh Thunderbirds,Steve Mogielski
230,Pittsburgh Thunderbirds,Jimmy Towle
231,Pittsburgh Thunderbirds,Myles Cooper
232,Pittsburgh Thunderbirds,Chris Graber
233,Pittsburgh Thunderbirds,Nick Gigliotti
234,Pittsburgh Thunderbirds,Robert Halvorsen
235,Pittsburgh Thunderbirds,Mohamadou Diatta
236,Pittsburgh Thunderbirds,Steve May
237,Pittsburgh Thunderbirds,Sam VanDusen
238,Pittsburgh Thunderbirds,John Buss
239,Atlanta Hustle,Daniel Sperling
240,Atlanta Hustle,Will Lindquist
241,Atlanta Hustle,Austin Taylor
242,Atlanta Hustle,Matthew Knowles
243,Atlanta Hustle,Player Pierce
244,Atlanta Hustle,Brett Hulsmeyer
245,Atlanta Hustle,Zack Avello
246,Atlanta Hustle,Christian Olsen
247,Atlanta Hustle,Javier Ortiz
248,Atlanta Hustle,Kelvin Williams
249,Atlanta Hustle,Matt Smith
250,Atlanta Hustle,Carter Rae
251,Atlanta Hustle,Taylor Minch
252,Atlanta Hustle,Hayden Austin-Knab
253,Atlanta Hustle,Josh Bush
254,Atlanta Hustle,Paul Lally
255,Atlanta Hustle,Sun Choi
256,Atlanta Hustle,Joel Wooten
257,Atlanta Hustle,Josh Turner
258,Atlanta Hustle,Devon Rogers
259,Atlanta Hustle,Eli Jaime
260,Atlanta Hustle,David Petmecky
261,Atlanta Hustle,Sam Batson
262,Atlanta Hustle,Trenton Spinks
263,Atlanta Hustle,Mac McClellan
264,Ottawa Outlaws,Erich Phang-Lynn
265,Ottawa Outlaws,Paul Mensah
266,Ottawa Outlaws,Karl Loiseau
267,Ottawa Outlaws,Derek Alexander
268,Ottawa Outlaws,Ken Alexander
269,Ottawa Outlaws,Matt O'Brien
270,Ottawa Outlaws,Shintaro Tsukamoto
271,Ottawa Outlaws,Ryan Wallace
272,Ottawa Outlaws,Chad McCausland
273,Ottawa Outlaws,Paul Renaud
274,Ottawa Outlaws,Colin Froats
275,Ottawa Outlaws,Alec Arsenault
276,Ottawa Outlaws,Braedan Robinson
277,Ottawa Outlaws,Erik Hunter
278,Ottawa Outlaws,Carson Turner
279,Ottawa Outlaws,Greg Ellis
280,Ottawa Outlaws,Jon Hallett
281,Ottawa Outlaws,David Colic
282,Ottawa Outlaws,Andrew Ouchterlony
283,Ottawa Outlaws,Adam O'Donnell
284,Ottawa Outlaws,Geoff Bevan
285,Ottawa Outlaws,Kyle Cantal
286,Ottawa Outlaws,Nick Boucher
287,Ottawa Outlaws,Jeremy Hill
288,Seattle Cascades,Kodi Smart
289,Seattle Cascades,Henry Schneider
290,Seattle Cascades,Dennis Casio
291,Seattle Cascades,Qxhna Titcomb
292,Seattle Cascades,Marc Munoz
293,Seattle Cascades,Thomas Lassetter
294,Seattle Cascades,June Rapisura
295,Seattle Cascades,Bryson Simon-Fox
296,Seattle Cascades,Charlie Eide
297,Seattle Cascades,Peter Geertz-Larson
298,Seattle Cascades,Adam Choi
299,Seattle Cascades,William Coffin
300,Seattle Cascades,Xtehn Titcomb
301,Seattle Cascades,John Quandt
302,Seattle Cascades,Sam Cook
303,Seattle Cascades,Mark Burton
304,Seattle Cascades,Stephanie Lim
305,Seattle Cascades,Alex Duffel
306,Seattle Cascades,Zach Sabin
307,Seattle Cascades,Victor Taggart
308,Seattle Cascades,Ryan Segal
309,Seattle Cascades,Charlie Mercer
310,Seattle Cascades,Kayhee Fong
311,Seattle Cascades,Brad Houser
312,Seattle Cascades,Nick Mahan
313,Seattle Cascades,William Kasprzycki
314,Seattle Cascades,Zhi Chen
315,Seattle Cascades,Henry Phan
316,Seattle Cascades,Jack Brown
317,Seattle Cascades,Jay Boychuk
318,Seattle Cascades,Shane Worthington
319,Seattle Cascades,Jesse Bolton
320,Seattle Cascades,Khalif El-Salaam
321,Toronto Rush,Akifumi Muraoka
322,Toronto Rush,Andrew Carroll
323,Toronto Rush,Kevin Jay
324,Toronto Rush,Luc Comire
325,Toronto Rush,Jaret Meron
326,Toronto Rush,Mike Mackenzie
327,Toronto Rush,Bryan Yue
328,Toronto Rush,Remi Ojo
329,Toronto Rush,Iain Mackenzie
330,Toronto Rush,Marijo Zlatic
331,Toronto Rush,Jacky Hau
332,Toronto Rush,Ben Pries
333,Toronto Rush,Isaiah Masek-Kelly
334,Toronto Rush,Jason Lam
335,Toronto Rush,Thomson McKnight
336,Toronto Rush,Jeff Lindquist
337,Toronto Rush,Geoff Powell
338,Toronto Rush,Kieran Charnock
339,Toronto Rush,Jeremy Norden
340,Toronto Rush,Bryan Kuo
341,Toronto Rush,Nathan Hirst
342,Toronto Rush,Phil Turner
343,Toronto Rush,Scott Graham
344,Toronto Rush,Drew Wilson
345,Toronto Rush,Barrett Wachholz
346,Toronto Rush,Connor Armstrong
347,Toronto Rush,Adrian Yearwood
348,Toronto Rush,Jason Huynh
349,Toronto Rush,Dan LaFrance
350,Toronto Rush,Bretton Tan
351,Toronto Rush,Wilkie Lewis
352,Toronto Rush,Mark Lloyd
353,Toronto Rush,Cameron Harris
354,DC Breeze,Jarrod Banks
355,DC Breeze,Alexandre Fall
356,DC Breeze,Kris Harrison
357,DC Breeze,Houston Parks
358,DC Breeze,AJ Merriman
359,DC Breeze,Dane Warner
360,DC Breeze,Matt Collum
361,DC Breeze,John Walden
362,DC Breeze,Kenta Kawaguchi
363,DC Breeze,Zach Norrbom
364,DC Breeze,Joe Richards
365,DC Breeze,Garrett Braun
366,DC Breeze,Dennis Maclaine
367,DC Breeze,Cole Sullivan
368,DC Breeze,Kyle Vezina
369,DC Breeze,Alex Liu
370,DC Breeze,Matt Neeley
371,DC Breeze,Sam Brecker
372,DC Breeze,Matthew McDonnell
373,DC Breeze,Max Cassell
374,DC Breeze,Danny Krug
375,DC Breeze,Cody Johnston
376,DC Breeze,David Bloodgood
377,DC Breeze,Anthony McLean
378,DC Breeze,Quinn Bergeron
379,DC Breeze,Jeremy Hess
380,DC Breeze,David Shields
381,DC Breeze,Nathan Prior
382,DC Breeze,Jeff Wodatch
383,DC Breeze,Jay Boyle
384,DC Breeze,Leo Pierson
385,DC Breeze,Xavier Maxstadt
386,Dallas Roughnecks,Brandon Malecek
387,Dallas Roughnecks,Griffin Miller
388,Dallas Roughnecks,Kaplan Maurer
389,Dallas Roughnecks,Matt Jackson
390,Dallas Roughnecks,Sam Ward
391,Dallas Roughnecks,Jay Froude
392,Dallas Roughnecks,Jake Reinhardt
393,Dallas Roughnecks,Ben Lewis
394,Dallas Roughnecks,Abe Coffin
395,Dallas Roughnecks,Joel Clutton
396,Dallas Roughnecks,Alex Brouwer
397,Dallas Roughnecks,Dillon Larberg
398,Dallas Roughnecks,Dalton Smith
399,Dallas Roughnecks,Stephen Poulos
400,Dallas Roughnecks,Abe Gambert
401,Dallas Roughnecks,Chris Larberg
402,Dallas Roughnecks,Daniel Emmons
403,Dallas Roughnecks,Kevin Richardson
404,Dallas Roughnecks,Casey Hogg
405,Dallas Roughnecks,Zach Riggins
406,Dallas Roughnecks,Connor Olson
407,Dallas Roughnecks,Wesley Miaw
408,Dallas Roughnecks,Connor Ughetta
409,Dallas Roughnecks,Carson Wilder
410,Dallas Roughnecks,Noah Chambers
411,Dallas Roughnecks,Thomas Slack
412,Dallas Roughnecks,Kai Marshall
413,Dallas Roughnecks,Henry Furuta
414,Dallas Roughnecks,Brian Street
415,Dallas Roughnecks,Jonathan Costello
416,Dallas Roughnecks,Matthew Armour
417,Dallas Roughnecks,Zach Marbach
418,Dallas Roughnecks,Ben Rogers
419,Dallas Roughnecks,David Hammer
420,San Jose Spiders,Jacob Greenberg
421,San Jose Spiders,Justin Norden
422,San Jose Spiders,Matthew Crawford
423,San Jose Spiders,Brandon Fein
424,San Jose Spiders,Jackson Stearns
425,San Jose Spiders,Antoine Davis
426,San Jose Spiders,Robert Yeagle
427,San Jose Spiders,Ethan Falat
428,San Jose Spiders,Marcelo Sanchez
429,Tampa Bay Cannons,Robert Dennis
430,Tampa Bay Cannons,Bennett Wachob
431,Tampa Bay Cannons,Andrew Roney
432,Tampa Bay Cannons,Bradley Seuntjens
433,Tampa Bay Cannons,Brandon Perales
434,Tampa Bay Cannons,John Paul Taylor
435,Tampa Bay Cannons,Tyler Kunsa
436,Tampa Bay Cannons,Bobby Ley
437,Tampa Bay Cannons,Adam Carr
438,Tampa Bay Cannons,Adam Vinson
439,Tampa Bay Cannons,Dustin Travaglini
440,Tampa Bay Cannons,Tanner Repasky
441,Tampa Bay Cannons,Ryan Hiser
442,Tampa Bay Cannons,Hayden Wachob
443,Tampa Bay Cannons,Jack Barrow
444,Tampa Bay Cannons,Billy O'Bryan
445,Tampa Bay Cannons,Peter Van Brussel
446,Tampa Bay Cannons,Nathan Vickroy
447,Tampa Bay Cannons,Josh McKisic
448,Tampa Bay Cannons,Chris Gibson
449,Tampa Bay Cannons,AJ Jacoski
450,Tampa Bay Cannons,Jordan Huston
451,Tampa Bay Cannons,Austin Koffarnus
452,Tampa Bay Cannons,Jacob Lane
453,Tampa Bay Cannons,Marquis Chapman
454,Tampa Bay Cannons,Ryan Chard
455,Tampa Bay Cannons,Mark Mendelevitz
456,Tampa Bay Cannons,Joshua Layton
457,Tampa Bay Cannons,Jacob Clary
458,New York Empire,Noriaki To
459,New York Empire,Josh Alorro
460,New York Empire,Grant Lindsley
461,New York Empire,TJ Stanton
462,New York Empire,Conor Kline
463,New York Empire,Jack Williams
464,New York Empire,Matt LeMar
465,New York Empire,Albert Alarcon
466,New York Empire,Mike Drost
467,New York Empire,Matt Stevens
468,New York Empire,Ryan Holmes
469,New York Empire,Ben Katz
470,New York Empire,Sam Feder
471,New York Empire,Tristan Yarter
472,New York Empire,Beau Kittredge
473,New York Empire,Matt Weintraub
474,New York Empire,Jibran Mieser
475,New York Empire,Ben Jagt
476,New York Empire,Ryan Brown
477,New York Empire,Ryan Drost
478,New York Empire,Marques Brownlee
479,New York Empire,Jeff Babbitt
480,New York Empire,Kyle Dew
481,Indianapolis AlleyCats,Alex Henderson
482,Indianapolis AlleyCats,Jesse Jenkins
483,Indianapolis AlleyCats,Keenan Plew
484,Indianapolis AlleyCats,Rick Gross
485,Indianapolis AlleyCats,Cameron Brock
486,Indianapolis AlleyCats,Joey Cari
487,Indianapolis AlleyCats,Levi Jacobs
488,Indianapolis AlleyCats,David Hortemiller
489,Indianapolis AlleyCats,Colton Steiner
490,Indianapolis AlleyCats,Colin Ringwood
491,Indianapolis AlleyCats,Keegan North
492,Indianapolis AlleyCats,Conner Henderson
493,Indianapolis AlleyCats,Dustin Baird
494,Indianapolis AlleyCats,Heath Kalaba
495,Indianapolis AlleyCats,AJ Humbert
496,Indianapolis AlleyCats,Spencer Loscar
497,Indianapolis AlleyCats,Nick Hutton
498,Indianapolis AlleyCats,Peter Carleton
499,Indianapolis AlleyCats,Kyle Cox
500,Indianapolis AlleyCats,Zach Zebarth
501,Indianapolis AlleyCats,Sam Ellison
502,Indianapolis AlleyCats,Jeremy Keusch
503,Indianapolis AlleyCats,Travis Carpenter
504,Indianapolis AlleyCats,Christopher Miller
505,Indianapolis AlleyCats,Donovan Triplett
506,Indianapolis AlleyCats,Brett Matzuka
507,Indianapolis AlleyCats,Jacob Fella
508,Indianapolis AlleyCats,John Jones
509,Indianapolis AlleyCats,Dustin Hughes
510,Minnesota Wind Chill,Zac Merie
511,Minnesota Wind Chill,Alex Jirele
512,Minnesota Wind Chill,Bryan Vohnoutka
513,Minnesota Wind Chill,Jesse Greenberg
514,Minnesota Wind Chill,Mathew Ladyman
515,Minnesota Wind Chill,Cole Jurek
516,Minnesota Wind Chill,Tony Poletto
517,Minnesota Wind Chill,Jordan Taylor
518,Minnesota Wind Chill,Grayson Pangburn
519,Minnesota Wind Chill,Brendan McCann
520,Minnesota Wind Chill,Mitchell McCarthy
521,Minnesota Wind Chill,Kristian Johnson
522,Minnesota Wind Chill,Ethan Rasmussen
523,Minnesota Wind Chill,Ben Pavelka
524,Minnesota Wind Chill,Cam Burden
525,Minnesota Wind Chill,Michael Jordan
526,Minnesota Wind Chill,Ryan Welch
527,Minnesota Wind Chill,Daniel Bates
528,Minnesota Wind Chill,Josh Klane
529,Minnesota Wind Chill,Saurov Dubey
530,Minnesota Wind Chill,James Kittlesen
531,Minnesota Wind Chill,Alan Scarth
532,Minnesota Wind Chill,Dylan DeClerck
533,Minnesota Wind Chill,Brandon Matis
534,Minnesota Wind Chill,Jason Tschida
535,Minnesota Wind Chill,Drew Otterlei
536,Minnesota Wind Chill,Tate Halberg
537,Minnesota Wind Chill,Isaac Leonard
538,Minnesota Wind Chill,Pat Cashman
539,Minnesota Wind Chill,Quinn Snider
540,Raleigh Flyers,Vikram Sethuraman
541,Raleigh Flyers,Justin Allen
542,Raleigh Flyers,Sol Yanuck
543,Raleigh Flyers,Jakeem Polk
544,Raleigh Flyers,JD Hastings
545,Raleigh Flyers,Charlie Muniz
546,Raleigh Flyers,Chuck Cantone
547,Raleigh Flyers,Jonathan Nethercutt
548,Raleigh Flyers,Terrence Mitchell
549,Raleigh Flyers,Jacob Mouw
550,Raleigh Flyers,Henry Fisher
551,Raleigh Flyers,Mischa Freystaetter
552,Raleigh Flyers,Joey Cretella
553,Raleigh Flyers,Shane Sisco
554,Raleigh Flyers,Kiron Allen
555,Raleigh Flyers,Eric Taylor
556,Raleigh Flyers,Evan Howey
557,Raleigh Flyers,Jacob Fairfax
558,Raleigh Flyers,Ross Ward
559,Raleigh Flyers,Johnnie Lynch
560,Raleigh Flyers,Jeff Nordgren
561,Raleigh Flyers,Noah Saul
562,Raleigh Flyers,Mike Pannone
563,Raleigh Flyers,Allan Laviolette
564,Raleigh Flyers,Andrew McKelvey
565,Raleigh Flyers,Tristan Green
566,Raleigh Flyers,Jordan Perry
567,Raleigh Flyers,Tim McAllister
568,Raleigh Flyers,Kamron Daftari
569,Raleigh Flyers,Andrew Cohen
570,Raleigh Flyers,Sam Gabrielson
571,Raleigh Flyers,David Richardson
572,Raleigh Flyers,Josh Hartzog
573,Philadelphia Phoenix,Dustin Damiano
574,Philadelphia Phoenix,Brandon Pastor
575,Philadelphia Phoenix,Shashank Alladi
576,Philadelphia Phoenix,Austin Lillis
577,Philadelphia Phoenix,Greg Martin
578,Philadelphia Phoenix,Mike Campanella
579,Philadelphia Phoenix,Nick Patel
580,Philadelphia Phoenix,Ethan Fortin
581,Philadelphia Phoenix,Himalaya Mehta
582,Philadelphia Phoenix,Matt Esser
583,Philadelphia Phoenix,Scott Xu
584,Philadelphia Phoenix,Zac Sands
585,Philadelphia Phoenix,Stuart Hean
586,Philadelphia Phoenix,Jordan Ciccarone
587,Philadelphia Phoenix,James Pollard
588,Philadelphia Phoenix,William Sickles
589,Philadelphia Phoenix,David Baer
590,Philadelphia Phoenix,Francisco Gomez
591,Philadelphia Phoenix,Mike Arcata
592,Philadelphia Phoenix,Allan Michel
593,Philadelphia Phoenix,Ethan Peck
594,Philadelphia Phoenix,Trey Katzenbach
595,Philadelphia Phoenix,Colin Masino
596,Philadelphia Phoenix,Brice Dunn
597,Philadelphia Phoenix,Marc Sands
598,Philadelphia Phoenix,Ryan Weaver
599,Philadelphia Phoenix,Evan Karson
600,Philadelphia Phoenix,Peter Burt
601,Philadelphia Phoenix,Sean Mott
602,Philadelphia Phoenix,Eric Nardelli
